[
    {
        "sort" : 1, 
        "uiType" : "Input",
        "validate" : {"required" : true},
        "label" : "Pizza name" 
    },
    {
        "sort" : 2, 
        "uiType" : "Group",
        "validate" : {"required" : true},
        "label" : "Pizza settings",
        "subParameters" : [
            {
                "sort" : 1, 
                "uiType" : "Input",
                "validate" : {"required" : true},
                "label" : "Pizza settings sub",
                "subParameters" : []
            }          
        ] 
    }
]
    